path,bytes
exports/2025-10-04/contact_sheet.pdf,25415
exports/2025-10-04/export.gif,12540
exports/2025-10-04/export.mp4,4235
exports/2025-10-04/export.pptx,36325
exports/2025-10-04/export_2025-10-04_111233.zip,59908
exports/2025-10-04/export_2025-10-04_113228.pdf,982
exports/2025-10-04/export_2025-10-04_120839.zip,120222
exports/2025-10-04/export_2025-10-04_120845.pdf,1106
exports/2025-10-04/export_2025-10-04_120845.pptx,1940
exports/2025-10-04/export_2025-10-04_120846.csv,518
exports/2025-10-04/export_2025-10-04_121626.zip,239665
exports/2025-10-04/export_2025-10-04_121628.pdf,3903
exports/2025-10-04/export_2025-10-04_121630.pptx,4108
exports/2025-10-04/export_2025-10-04_121632.csv,736
exports/2025-10-04/export_2025-10-04_121633.zip,480575
exports/2025-10-04/images.zip,8766
jobs/results/result_demo_366e1e.zip,9152
