topic_id,title,category,summary,actors,joke,snippet,hashtags,source,published,date,platforms
t1,,,"​An avoidable tragedy: On the TVK rally, the stampede in Karur",,"​An avoidable tragedy: On the TVK rally, the stampede in Karur","​An avoidable tragedy: On the TVK rally, the stampede in Karur  #india #indiapolitics #delhi #mumbai #newdelhi",#india #indiapolitics #delhi #mumbai #newdelhi,,,2025-09-29,telegram
t2,,,Mattanchery police nab Maharashtra man for alleged role in ₹2.8cr. ‘virtual arrest’ scam,,Mattanchery police nab Maharashtra man for alleged role in ₹2.8cr. ‘virtual arrest’ scam,Mattanchery police nab Maharashtra man for alleged role in ₹2.8cr. ‘virtual arrest’ scam  #india #indiapolitics #delhi #mumbai #newdelhi,#india #indiapolitics #delhi #mumbai #newdelhi,,,2025-09-29,telegram
t3,,,Key initiatives honoured with M.S. Swaminathan Award for Environmental Protection,,Key initiatives honoured with M.S. Swaminathan Award for Environmental Protection,Key initiatives honoured with M.S. Swaminathan Award for Environmental Protection  #india #indiapolitics #delhi #mumbai #newdelhi,#india #indiapolitics #delhi #mumbai #newdelhi,,,2025-09-29,telegram
t4,,,Former BDA employee among three arrested for forging documents to grab site in Bengaluru,,Former BDA employee among three arrested for forging documents to grab site in Bengaluru,Former BDA employee among three arrested for forging documents to grab site in Bengaluru  #india #indiapolitics #delhi #mumbai #newdelhi,#india #indiapolitics #delhi #mumbai #newdelhi,,,2025-09-29,telegram
t5,,,"JMM MLA accused of using fake identity in polling, Jharkhand CEO orders probe",,"JMM MLA accused of using fake identity in polling, Jharkhand CEO orders probe","JMM MLA accused of using fake identity in polling, Jharkhand CEO orders probe  #india #indiapolitics #delhi #mumbai #newdelhi",#india #indiapolitics #delhi #mumbai #newdelhi,,,2025-09-29,telegram
t6,,,TVK Karur rally stampede: Rahul Gandhi speaks with actor Vijay,,TVK Karur rally stampede: Rahul Gandhi speaks with actor Vijay,TVK Karur rally stampede: Rahul Gandhi speaks with actor Vijay  #india #indiapolitics #delhi #mumbai #newdelhi,#india #indiapolitics #delhi #mumbai #newdelhi,,,2025-09-29,telegram
