path,bytes
exports/2025-10-04/contact_sheet.pdf,25415
exports/2025-10-04/export.gif,12540
exports/2025-10-04/export.mp4,4235
exports/2025-10-04/export.pptx,36325
exports/2025-10-04/export_2025-10-04_111233.zip,59908
exports/2025-10-04/export_2025-10-04_113228.pdf,982
exports/2025-10-04/export_2025-10-04_120839.zip,120222
exports/2025-10-04/export_2025-10-04_120845.pdf,1106
exports/2025-10-04/export_2025-10-04_120845.pptx,1940
exports/2025-10-04/export_2025-10-04_120846.csv,518
exports/2025-10-04/export_2025-10-04_121626.zip,239665
exports/2025-10-04/export_2025-10-04_121628.pdf,3903
exports/2025-10-04/export_2025-10-04_121630.pptx,4108
exports/2025-10-04/export_2025-10-04_121632.csv,736
exports/2025-10-04/export_2025-10-04_121633.csv,845
exports/2025-10-04/export_2025-10-04_121633.pdf,5175
exports/2025-10-04/export_2025-10-04_121633.pptx,4192
exports/2025-10-04/export_2025-10-04_121633.zip,480575
exports/2025-10-04/export_2025-10-04_122306.csv,1063
exports/2025-10-04/export_2025-10-04_122306.pdf,6191
exports/2025-10-04/export_2025-10-04_122306.pptx,4226
exports/2025-10-04/export_2025-10-04_122306.zip,965485
exports/2025-10-04/export_2025-10-04_122307.gif,5531
exports/2025-10-04/export_2025-10-04_122307.mp4,3049
exports/2025-10-04/export_2025-10-04_123023.mp4,3223
exports/2025-10-04/export_2025-10-04_123024.zip,1946067
exports/2025-10-04/export_2025-10-04_123025.csv,1388
exports/2025-10-04/export_2025-10-04_123025.gif,5531
exports/2025-10-04/export_2025-10-04_123025.mp4,3223
exports/2025-10-04/export_2025-10-04_123025.pdf,7458
exports/2025-10-04/export_2025-10-04_123025.pptx,5652
exports/2025-10-04/export_2025-10-04_123829.csv,1716
exports/2025-10-04/export_2025-10-04_123829.gif,5531
exports/2025-10-04/export_2025-10-04_123829.pdf,8978
exports/2025-10-04/export_2025-10-04_123829.pptx,7107
exports/2025-10-04/export_2025-10-04_123829.zip,3904391
exports/2025-10-04/export_2025-10-04_123830.mp4,3385
exports/2025-10-04/images.zip,8766
jobs/results/result_demo_366e1e.zip,9152
