{
  "positive": "Former BDA employee among three arrested for forging documents to grab site in Bengaluru — editorial cartoon, RK Laxman inspired line art, cross-hatching, clean white background, high contrast, sparse red accent, magnifying glass metaphor, , 4:5 composition, bold headline space",
  "negative": "text, watermark, lowres, logo, extra fingers, nsfw, photoreal skin",
  "width": 1024,
  "height": 1280,
  "steps": 34,
  "cfg": 6.5,
  "sampler": "DPM++ 2M Karras",
  "seed": 3117,
  "style": "rk_lineart"
}