{
  "positive": "GST reforms LIVE: Next-Gen GST reforms testament to PM Modi’s resolve to serve poor and farmers, says Amit Shah — editorial cartoon, RK Laxman inspired line art, cross-hatching, clean white background, high contrast, sparse red accent, scale metaphor, , 4:5 composition, bold headline space",
  "negative": "text, watermark, lowres, logo, extra fingers, nsfw, photoreal skin",
  "width": 1024,
  "height": 1280,
  "steps": 34,
  "cfg": 6.5,
  "sampler": "DPM++ 2M Karras",
  "seed": 3117,
  "style": "rk_lineart"
}