date,aspect,png_path,jpg_path,caption_en,caption_hi
2025-09-20,4x5,D:\AISatyagrah\exports\2025-09-20\onepager_4x5.png,D:\AISatyagrah\exports\2025-09-20\onepager_4x5.jpg,"Today’s satire: GST reforms LIVE: Next-Gen GST reforms testament to PM Modi’s resolve to serve poor and farmers, says Amit Shah
Summary: GST reforms LIVE: Next-Gen GST reforms testament to PM Modi’s resolve to serve poor and farmers, says Amit Shah
👇 Tell us what you think","आज का व्यंग्य: GST reforms LIVE: Next-Gen GST reforms testament to PM Modi’s resolve to serve poor and farmers, says Amit Shah
सार: GST reforms LIVE: Next-Gen GST reforms testament to PM Modi’s resolve to serve poor and farmers, says Amit Shah
👇 अपनी राय बताइए"
2025-09-20,1x1,D:\AISatyagrah\exports\2025-09-20\onepager_1x1.png,D:\AISatyagrah\exports\2025-09-20\onepager_1x1.jpg,"Today’s satire: GST reforms LIVE: Next-Gen GST reforms testament to PM Modi’s resolve to serve poor and farmers, says Amit Shah
Summary: GST reforms LIVE: Next-Gen GST reforms testament to PM Modi’s resolve to serve poor and farmers, says Amit Shah
👇 Tell us what you think","आज का व्यंग्य: GST reforms LIVE: Next-Gen GST reforms testament to PM Modi’s resolve to serve poor and farmers, says Amit Shah
सार: GST reforms LIVE: Next-Gen GST reforms testament to PM Modi’s resolve to serve poor and farmers, says Amit Shah
👇 अपनी राय बताइए"
2025-09-20,9x16,D:\AISatyagrah\exports\2025-09-20\onepager_9x16.png,D:\AISatyagrah\exports\2025-09-20\onepager_9x16.jpg,"Today’s satire: GST reforms LIVE: Next-Gen GST reforms testament to PM Modi’s resolve to serve poor and farmers, says Amit Shah
Summary: GST reforms LIVE: Next-Gen GST reforms testament to PM Modi’s resolve to serve poor and farmers, says Amit Shah
👇 Tell us what you think","आज का व्यंग्य: GST reforms LIVE: Next-Gen GST reforms testament to PM Modi’s resolve to serve poor and farmers, says Amit Shah
सार: GST reforms LIVE: Next-Gen GST reforms testament to PM Modi’s resolve to serve poor and farmers, says Amit Shah
👇 अपनी राय बताइए"
